GH1,8.A.49,CE2,GH130,GH130,3.A.1,3.A.1,SBP_bac_1,LacI,GH36,GH113	beta-mannan	2019
GH30,CBM6|GH43	hemicellulose	2016
4.A.1,GH1	multiple substrates	2016
GH94,GH3	multiple substrates	2016
GH1,HTH_6+SIS,3.A.1,8.A.59,Response_reg+HTH_18+HTH_AraC,3.A.1,3.A.1,3.A.1	galactan	2014
GH53,2.A.2,GH42,LacI	galactan	2016
HTH_AraC,PfkB,2.A.1,GH32,GH32,8.A.46,1.B.14,GH32	fructan	2017
LacI,PfkB,PL8,3.A.1,3.A.1,3.A.1,3.A.1,PL8,GH88	host glycans	2017
GH43,GH10,9.B.28,GntR,PfkB,GH39,GH67,3.A.1,3.A.1,3.A.1,GH10|CBM22,GH52,CE4,3.A.1,3.A.1,SBP_bac_1,HTH_AraC+HTH_AraC,8.A.59,GH51,3.A.1,3.A.1,3.A.1,GntR,3.A.1,3.A.1,3.A.1	hemicellulose	2017
GH48,GH8,CBM3|GH9,CBM4|GH9	cellulose	1996
GH94,GH20,GH9,3.A.1,3.A.1,3.A.1,3.A.1,3.A.1,HisKA+HATPase_c+Response_reg+PAS	chitin	2017
3.A.1,8.A.59,HTH_AraC+HTH_AraC,3.A.1,3.A.1,3.A.1,GntR,GH43,SBP_bac_1,3.A.1,3.A.1,GH43,GH51,GH51,GH127,8.A.59,HTH_AraC+HTH_AraC,SBP_bac_1,3.A.1,3.A.1,CE4,GH52,GH10,3.A.1,3.A.1,GH67,GH39,PfkB,GntR,9.B.28,AAA,GH43	hemicellulose	2011
HTH_DeoR,HTH_AraC+HTH_AraC,8.A.59,PL1,GH105,SBP_bac_1,3.A.1	pectin	2018
SIS,GH9,4.A.3	mono/di/trisaccaride	2017
4.A.3,4.A.3,HTH_6+SIS,4.A.3,GH1	mono/di/trisaccaride	2017
GH94,3.A.1,3.A.1,SBP_bac_1,HTH_AraC+HTH_AraC,8.A.59,SBP_bac_1,3.A.9	mono/di/trisaccaride	2017
PL8|CBM70,PfkB,4.A.6,GH88,4.A.6,4.A.6,4.A.6,PL12	host glycans	2012
HTH_11+Mga,4.A.3,4.A.3,4.A.3,GH4	multiple substrates	1997
PL12,4.A.6,4.A.6,4.A.6,GH88,TrmB,PfkB,PL8	host glycans	2018
PL12,4.A.6,4.A.6,4.A.6,GH88,0040266,CHASE2,PfkB,DeoRC	host glycans	2018
HTH_11+Mga,GH1,4.A.3,4.A.3	mono/di/trisaccaride	2018
GH1,4.A.3,4.A.3	mono/di/trisaccaride	2018
GH32,4.A.1,LacI,3.A.1,3.A.1,HTH_1,HTH_3,2.A.40	mono/di/trisaccaride	2020
8.A.3,1.B.18,GT2,GT4,GT2|GT0,GT2,9.B.18	capsule/o-antigen	2020
PfkB,PfkB,1.B.14,GH0|GH35	mono/di/trisaccaride	2020
MerR,GH0|GH33|CBM40,3.A.1,3.A.1,SBP_bac_1,HTH_AraC+HTH_AraC,GH1,GH140	host glycans	2013
3.A.1,3.A.1,MarR,GH43,CBM13|GH30,0045030,2.A.3,3.A.1,HTH_11,2.A.3,GH146,GH43,GH43,GH43,GH43,GH43,9.B.28,3.A.1,3.A.1,LacI,3.A.1	hemicellulose	2019
GH130,LacI,GH130,SBP_bac_1,GH27,3.A.1,3.A.1,CE7	beta-mannan	2016
GH32,2.A.1,LacI	mono/di/trisaccaride	2006
LacI,2.A.1,GH13	mono/di/trisaccaride	2006
LacI,4.A.1,GH13	mono/di/trisaccaride	2003
GH43|CE10,1.B.35	pectin	2003
3.A.1,3.A.1,3.A.1,3.A.1,PL2	pectin	2001
8.A.3,1.B.18,PL12|PL0,GT4,9.B.18,Aminotran_1_2,9.B.18	sulfated glycans	2001
9.B.67,GH13,3.A.1,3.A.1,3.A.1,AraC_binding+HTH_18	mono/di/trisaccaride	2019
SBP_bac_1,3.A.1,3.A.1,GH42,GH36	multiple substrates	2000
CBM3|GH9,CBM3|GH9,GH5,GH9,PL11,GH5	mono/di/trisaccaride	2003
4.A.1,GH1	mono/di/trisaccaride	1997
GH13,LacI	mono/di/trisaccaride	2018
8.A.3,1.B.18,GT4,9.B.18,9.B.146,9.B.18	capsule/o-antigen	2018
GH43,GH3,GH43,GH31,GH97,CBM6|GH43,GH43,1.B.14,1.B.14,GH30,GH98|CBM35,GH115,CE1|CE6,CBM6|GH43,HTH_AraC,GH95,HTH_8+HTH_AraC,GH30,1.B.14,GH115	hemicellulose	2015
GH67,GH43,GH10,2.A.2,CBM4|GH10,1.B.14,HTH_AraC+HTH_AraC+HTH_AraC	hemicellulose	2015
2.A.66,GT4,AraC_binding,3.A.1,GT4	capsule/o-antigen	2020
GH13,4.A.1,GntR	mono/di/trisaccaride	2018
GH43,Aminotran_1_2,PALP,GH26,GH16,3.A.1	multiple substrates	2018
GH5,GH26,GH130,2.A.2,GH3,GH94	multiple substrates	2018
2.A.28,PL6,PL17,1.B.14,8.A.46	sulfated glycans	2018
1.B.14,GntR,PL6,PL17,AraC_binding,2.A.1,PfkB	sulfated glycans	2018
GntR,PL6,PL17,2.A.1	sulfated glycans	2018
PL6,PL17,AraC_binding,2.A.1,PfkB	sulfated glycans	2018
PL17,PL6,8.A.46,1.B.14,GntR	sulfated glycans	2018
PL6,1.B.14,PL17	sulfated glycans	2018
GT4,GT4	capsule/o-antigen	2018
GH13|CBM48,GT5,GT35	glycogen	1994
2.A.66,GT2	capsule/o-antigen	2018
2.A.66,8.A.3,1.B.18,GT2,GT2,GT4,GT2,9.B.18,2.A.14,GntR	capsule/o-antigen	2019
8.A.3,1.B.18,GT2,GT2,GT4,GT2,9.B.18,2.A.14,GT4,CE4	capsule/o-antigen	2019
8.A.3,1.B.18,GT2,GT2,GT4,GT2,9.B.18,2.A.14	capsule/o-antigen	2019
GH3,GH2,GH31,HTH_AraC+HTH_AraC,GH9,1.B.14,GH5,GH43,GH43,GH3	hemicellulose	2019
1.B.14,GH5,Reg_prop+Reg_prop+Reg_prop+Reg_prop+Reg_prop+Reg_prop,HTH_AraC+HTH_AraC,GH31,GH2,GH3	hemicellulose	2019
1.B.14,8.A.46,GH43,GH5,HTH_AraC+HTH_AraC,GH31,GH2,GH3,GH95	hemicellulose	2019
1.B.14,GH43,GH5,HTH_AraC+HTH_AraC,GH31,GH2,GH3,GH95	hemicellulose	2019
GH2,GH5,8.A.46,1.B.14,GH31,HTH_AraC,GH95,GH3,GH43	hemicellulose	2019
LacI,GH36,2.A.1,GH32	mono/di/trisaccaride	1994
8.A.3,1.B.18,9.B.18,Aminotran_1_2,GT0,GT2,9.B.18,2.A.14	capsule/o-antigen	2019
2.A.66,8.A.3,1.B.18,9.B.18,Aminotran_1_2,GT52,GT14|GT0,GT2,9.B.18,2.A.14,GT25,GT4,4.D.1,CE4	capsule/o-antigen	2019
2.A.66,8.A.3,1.B.18,9.B.18,Aminotran_1_2,2.A.66,GT14|GT0,GT2,9.B.18,2.A.14,GT25,GT4,4.D.1,CE4	capsule/o-antigen	2019
2.A.14,9.B.18,GT2,GT0,Aminotran_1_2,9.B.18,1.B.18,8.A.3	capsule/o-antigen	2019
2.A.14,9.B.18,GT2,Aminotran_1_2,9.B.18,1.B.18,8.A.3	capsule/o-antigen	2019
GntR,2.A.14,9.B.18,GT2,GT4,2.A.66,1.B.18,8.A.3	capsule/o-antigen	2019
8.A.3,1.B.18,2.A.66,GT2,GT4,GT2,9.B.18,2.A.14,GntR	capsule/o-antigen	2019
GT4,CE4	capsule/o-antigen	2019
GT4,CE4	capsule/o-antigen	2019
3.A.1,3.A.1,MarR,GH10|CBM22	hemicellulose	1996
CE4,GT4,GT2	capsule/o-antigen	2019
CE4,GT4,GT2	capsule/o-antigen	2019
MarR,AraC_binding,PfkB,2.A.21,1.B.35,PL9,2.A.21,PL22	pectin	2019
LacI,SBP_bac_1,3.A.1,3.A.1,GH4	multiple substrates	2019
cohesin|CBM3,GH48,GH8,CBM3|GH9,CBM4|CBM30|GH9,CBM3|GH9,CBM3|GH9,GH5,GH9,GH5,GH5	cellooligosaccharide	2019
CBM6|GH10,CBM6|GH43,CBM6|CE1,CBM6|GH43,CBM6|GH62,CBM6|GH43,GH27|CBM6,CBM6|GH59,CBM6|CE6|GH62,CBM32|GH95,CBM6|CE1,CBM6|GH30	cellooligosaccharide	2019
CBM35|GH26,CBM3|GH9,GH9	cellooligosaccharide	2019
PL10,CE8,CE12|PL11	cellooligosaccharide	2019
CBM3|GH9,CBM3|GH9	cellooligosaccharide	2019
HTH_AraC+HTH_AraC+HTH_AraC,GH36,3.A.1,3.A.1,3.A.1,GH13,3.A.1,8.A.9	multiple substrates	1996
GT4,GT4,9.B.18,GT4	capsule/o-antigen	2019
CE9,GH2,GH92,GH20,GH20,GH2	host glycans	2019
GH20,GH2,GH20,GH33,8.A.46,1.B.14	host glycans	2019
2.A.1,PIG-L,HTH_AraC,2.A.6,3.A.1,1.C.105,HATPase_c,Trans_reg_C,CE9,GH2,GH92,GH20,GH20,GH2	host glycans	2019
3.A.1,HD,1.B.42,1.B.14,GH27,1.B.14,8.A.46,GH33,GH20,GH2,GH20	host glycans	2019
1.B.42,1.B.14,GH27,1.B.14,8.A.46,GH33,GH20,GH2,GH20	host glycans	2019
1.B.14,8.A.46,GH33,GH20,GH2,GH20,GH20,GH92,GH2,CE9,3.A.1,HTH_AraC+HTH_AraC,GH29,GH97	host glycans	2019
1.B.14,8.A.46,GH33,GH20,GH2,GH20,GH20,GH92,GH2,CE9,3.A.1	host glycans	2019
8.A.46,1.B.14,GH33,2.A.1,MarR,HTH_3	host glycans	2019
CBM23|CBM27|GH26,GH3,GH3	beta-mannan	2019
GH4,HTH_AraC+HTH_AraC,4.A.3,4.A.3,4.A.3	mono/di/trisaccaride	1997
GH78|CBM67,HTH_AraC+HTH_AraC,2.A.7,2.A.4,GH3,GH115,GH97	host glycans	2019
GH20,GH29,8.A.46,1.B.14,GH33,MarR,HTH_3,GH78|CBM67,HTH_AraC+HTH_AraC	host glycans	2019
2.A.4,2.A.7,HTH_AraC+HTH_AraC,GH78|CBM67,HTH_3,MarR,GH33,HTH_11	host glycans	2019
1.B.14,HTH_11,GH33,MarR,HTH_3,GH78|CBM67,HTH_AraC+HTH_AraC,2.A.7,2.A.4	host glycans	2019
GH33,MarR,HTH_3,GH78|CBM67,HTH_AraC+HTH_AraC,2.A.7,2.A.4,GH3,GH115,GH97	host glycans	2019
Pribosyltran,Trans_reg_C,1.B.14,GH20,GH2,2.A.115,GH2,GH2	host glycans	2019
GerE,GH1,3.A.1,3.A.1,3.A.1,3.A.1,3.A.1,Response_reg+HTH_18	host glycans	2019
Trans_reg_C,HisKA,3.A.1,GH2,2.A.21,Sigma70_r2+Sigma70_r4_2,GH3	host glycans	2019
Trans_reg_C,HisKA,3.A.1,GH2,2.A.21,Sigma70_r2+Sigma70_r4_2	host glycans	2019
Trans_reg_C,HisKA,3.A.1,GH2,2.A.21,Sigma70_r2+Sigma70_r4_2	host glycans	2019
HTH_AraC+HTH_AraC,GH4,2.A.2	mono/di/trisaccaride	1998
9.B.156,1.C.39,Pribosyltran,Trans_reg_C,1.B.14,GH20,GH2,2.A.115,GH2,GH2	host glycans	2019
GerE,GH1,3.A.1,3.A.1,3.A.1,3.A.1,3.A.1,HTH_AraC	host glycans	2019
CBM6|GH43,CBM6|GH10,CBM6|GH43,CBM6|CE1,CBM6|GH43,CBM6|GH62,CBM6|GH43,GH146|CBM22,GH27|CBM6,CBM6|GH59,CBM6|GH2,CBM6|CE6|GH62,CBM32|CBM6|GH95,CBM6|GH30	hemicellulose	2019
GH33,GH20,GH2,GH20,GH20,GH2	host glycans	2019
GH20,TetR_N	host glycans	2019
GH92,GH130,GH163,8.A.46,1.B.14,1.B.14,8.A.46,1.B.14,8.A.46,GH20,FecR,GerE	host glycans	2019
CBM6|GH3,GH158,GH16,1.B.14,Y_Y_Y+GerE	multiple substrates	2020
GerE,FecR,1.B.14,8.A.46,GH18|CBM14	host glycans	2019
3.A.1,3.A.1,3.A.1,Fer4+Fer4,GH13,GH1,AsnC_trans_reg,2.A.88	mono/di/trisaccaride	2019
GH42,3.A.1,GH2,GH36	multiple substrates	1998
1.C.113,3.A.1,GH63,3.A.1,LacI,9.B.34,GH78|CBM67,8.A.49,HTH_3	mono/di/trisaccaride	2019
GH13,CbiA,GH1,2.A.1,2.A.119	mono/di/trisaccaride	2019
HTH_AraC,GH16,1.B.14,8.A.46,GH3	beta-glucan	2019
LacI,PL7,1.B.14,SKI,PL6	sulfated glycans	2019
GntR,CBM32|PL7,1.B.14,PL6,PL7,2.A.1,PL6,2.A.1	sulfated glycans	2019
3.A.1,3.A.1,MarR,GH43,CBM13|GH30,0045030,2.A.3,3.A.1,HTH_11,2.A.3,GH146,GH43,GH43,GH43,GH43,GH43,9.B.28,3.A.1,3.A.1,LacI,3.A.1	hemicellulose	2019
GH5|GH26,GH26,GH5,1.B.14,CE7,CE7|GH26,GH130,2.A.2	beta-mannan	2018
AraC_binding,3.A.1,3.A.1,GT4,GT4	capsule/o-antigen	2019
AraC_binding,3.A.1,3.A.1,Pkinase,GT4,GT4,GT4	capsule/o-antigen	2019
GH5,CBM4,1.B.14,1.B.14,HTH_AraC+HTH_AraC+HTH_AraC	hemicellulose	2018
2.A.66,Pyr_redox,GT2,GT2,9.B.18,8.A.3,8.A.3	capsule/o-antigen	2005
1.B.14,8.A.46,CE8,PL9,PfkB,2.A.56,2.A.56,2.A.56,LacI,GH28,GH105,GH43,PL9|GH28,CE12,CE8|CE10,CE12,PL10	pectin	2019
CE4|CE12,1.B.14,GH28,GH105,GH105,GH43,LacI,2.A.56,2.A.56,2.A.56,PfkB,CE8,PL1	pectin	2019
PfkB,2.A.56,2.A.56,2.A.56,LacI,PL1|CE8,PL1,GH105,GH105,GH28,1.B.14	pectin	2019
2.A.2,GH2,LacI	mono/di/trisaccaride	2018
GH36,3.A.1,3.A.1,3.A.1,GH36	multiple substrates	2018
3.A.1,3.A.1,3.A.1,MarR,3.A.1,LacI,GH51	mono/di/trisaccaride	2018
GH43,LacI,SBP_bac_1,3.A.1,3.A.1,GH43,GH43	mono/di/trisaccaride	2018
LacI,GH13,2.A.1	mono/di/trisaccaride	2018
3.A.1,3.A.1,LacI+Peripla_BP_3,3.A.1,GH13	mono/di/trisaccaride	2018
2.A.66,4.D.1,GT2,GT32,9.B.18	capsule/o-antigen	2018
GH35,SIS+SIS,3.A.1,3.A.1,3.A.1,3.A.1,3.A.1,GH1,PIG-L,GH18|CBM2	chitin	2005
PL8,PL29,8.A.46,1.B.14,Reg_prop+Reg_prop+Reg_prop+Y_Y_Y+HisKA+HATPase_c+Response_reg+HTH_18,2.A.6,2.A.6,2.A.6,GH2,1.B.14,GH88,PL8	host glycans	2018
GH16,1.B.14,GntR,2.A.1,GntR	sulfated glycans	2018
GH16,2.A.1,GntR,GntR,1.B.14,HTH_AraC+HTH_AraC,GH16,GH150	sulfated glycans	2018
GH127,GH127,2.A.1,GH127,GH129,HTH_AraC+HTH_AraC+HTH_AraC	sulfated glycans	2018
GH110,GH110,8.A.46,1.B.14	sulfated glycans	2018
PL6,PL17,2.A.1,PfkB,PL6,1.B.14,GerE	sulfated glycans	2018
PfkB,2.A.1,GntR,PL7,1.B.14,AraC_binding,PL17	sulfated glycans	2018
3.D.2,3.D.2,3.D.2,PfkB,2.A.1,PL6,GntR	sulfated glycans	2018
GH1,4.A.3	mono/di/trisaccaride	2018
4.A.3,4.A.3,GH1	mono/di/trisaccaride	2018
GntR,3.A.1,3.A.1,3.A.1,3.A.1,PL15	sulfated glycans	2006
4.A.3,GH1	mono/di/trisaccaride	2018
4.A.3,4.A.3,GH1	mono/di/trisaccaride	2018
2.A.1,GH92,GH92,GH43,GH125,CBM32,8.A.46,1.B.14,GH92,GH92,GH92,GH76,LacI,GH2,GH92,2.A.1	alpha-mannan	2018
GH97,GH67,GH76,1.B.14,HTH_AraC,GH92,GH76,GH125,3.A.7	alpha-mannan	2018
1.B.14,GH92,GH99,9.B.14	alpha-mannan	2018
GH92,CBM32|GH38,GT32,GT32,GH130,GH125,GH76,GH92,HTH_AraC,1.B.14,GH76	alpha-mannan	2018
CE2,GH3,GH5,GH26,GH130,2.A.21,GH26,HTH_AraC+HTH_AraC,GH5,1.B.14,8.A.46,GH27,GH9,GH26	beta-mannan	2018
GH9,GH27,8.A.46,1.B.14,GH5,HTH_AraC+HTH_AraC,GH26,2.A.21,GH130,GH26	beta-mannan	2018
GH13,8.A.46,1.B.14,LacI	starch	2006
2.A.2,GH130,GH36,GH26,GH26,1.B.14,HTH_AraC+HTH_AraC	beta-mannan	2018
GH2,HTH_6,8.A.5	mono/di/trisaccaride	2019
GH146,1.B.14,GH43,GH121,1.B.14	hemicellulose	2018
GH3,HTH_AraC,GH16,1.B.14,8.A.46,GH3	beta-glucan	2017
GerE,FecR,1.B.14,8.A.46,GH18	host glycans	2016
GT2,3.A.1,4.D.1	capsule/o-antigen	2016
GT4,GT4,NUDIX,GT2	capsule/o-antigen	2016
CBM20|GH31,CBM35|GH31,0040266	starch	2016
GH130,GH5,GH27	beta-mannan	2006
GH31,GH15,3.A.1,3.A.1,3.A.1,MarR	mono/di/trisaccaride	2016
4.D.1,2.A.66,GT4,9.B.18	capsule/o-antigen	2016
2.A.2,GH130,GH36,GH26,GH26,1.B.14,HTH_AraC+HTH_AraC	beta-mannan	2016
CE7,2.A.2,GH130,GH26,GH26,1.B.14,HTH_AraC+HTH_AraC	beta-mannan	2016
2.A.38,TrkA_C+TrkA_C,GH36,GH29,1.B.14,HTH_AraC+HTH_AraC,2.A.1,GH29,9.B.97,2.A.64	beta-mannan	2016
GT4,NUDIX,GT2	capsule/o-antigen	2016
GH130,LacI,GH130,SBP_bac_1,GH27,3.A.1,3.A.1,CE7	beta-mannan	2016
GH1,2.A.123,HTH_11+Mga,4.A.3,4.A.3	mono/di/trisaccaride	2007
HTH_AraC+HTH_AraC,8.A.59,3.A.1,3.A.1,CBM4|CBM6|CBM54|GH16,GH16,3.A.1	beta-glucan	2016
9.B.18,Aminotran_1_2,GT0,2.A.66,GT2	capsule/o-antigen	2016
GH95,GH140,GH78|GH33|CBM67,GH28,GH78|CBM67,GH43,PL1|CE8,1.B.14,GH92	pectin	2016
GH51,GH146,NUDIX,2.A.21,GH43,1.B.14,GH43,GH51,GH43	pectin	2016
GH105,CE8,CE4|CE8|CE12,AAA,HTH_AraC,1.B.14,PL1,PL1	pectin	2016
GH106,GH28,GH28,CE12,GH2,CBM32|GH43,GH42,GH28,1.B.14,1.B.14,1.B.14,PL11,PL26,CE12,GH105,PL11,GH105,HTH_AraC+HTH_AraC	pectin	2016
GH2,PL11,GH28,GH117,HTH_AraC,1.B.14,8.A.46,PL11,GH28,GH105,1.B.14,1.B.14,GH28	pectin	2016
GH20,GH38,GH125,GH92,GH29	host glycans	2017
3.A.23,4.A.3,4.A.3,GH1,4.A.3	mono/di/trisaccaride	2016
GH20,GntR,SIS+SIS,CE9,9.B.207,4.A.6,4.A.6,4.A.6,4.A.6	mono/di/trisaccaride	2016
GT35,GH77,LacI,3.A.1,3.A.1,3.A.1,3.A.1	mono/di/trisaccaride	2007
2.A.66,GT2,GT2	capsule/o-antigen	2016
CBM32|CBM16|PL18,PL6,PL6,SBP_bac_3,PfkB,2.A.1,AraC_binding,PL17,PL6,PL7,GntR	sulfated glycans	2016
GT2,GT2	capsule/o-antigen	2015
2.A.66,GT2	capsule/o-antigen	2015
GT4,NUDIX,GT2	capsule/o-antigen	2015
GH32,GH32,8.A.46,1.B.14,GH32	capsule/o-antigen	2015
8.A.9,8.A.46,1.B.14,GH97,8.A.9	capsule/o-antigen	2015
GH31,GH31,GH66,8.A.46,1.B.14	capsule/o-antigen	2015
1.B.14,GH2	host glycans	2015
PL12,4.A.6,4.A.6,4.A.6,GH88,4.A.6	host glycans	2015
CBM5|GH18,CBM5|AA10,CBM5|GH18	chitin	2019
LacI,1.B.3,GH42,GH53,3.A.1,3.A.1,3.A.1,3.A.1	galactan	2007
PL8,PfkB,GH88,4.A.6,4.A.6,4.A.6,4.A.6,PL12	host glycans	2015
1.B.14,GH29,GH18,GH20,GH2,GH3,GH125,GH92,GH35	host glycans	2015
3.A.3,GH2,9.B.36,LacI,SBP_bac_1,3.A.1,3.A.1	galactan	2015
2.A.2,GH2,LacI,HTH_AraC+HTH_AraC+HTH_AraC	galactan	2015
LacI,GH42,GH35,3.A.1,3.A.1,SBP_bac_1,3.A.1	galactan	2015
GH31,GH35,1.B.14,GH95	hemicellulose	2014
peroxidase,PL7|PL5,LacI,3.A.1,3.A.1,3.A.1,3.A.1,3.A.1,PL15	sulfated glycans	2014
GH130,3.A.1,3.A.1,3.A.1,LacI,GH5	multiple substrates	2014
GH51,GH146|GH97,NUDIX,2.A.21,GH43,1.B.14,1.B.14,HTH_AraC+HTH_AraC,GH43,GH51|GH43,AAA	hemicellulose	2015
4.A.6,GH32	fructan	2007
GH30,GH17,GH3,GH149,GH16,8.A.46,1.B.14	sulfated glycans	2015
GH35,GH105,GH3,GH5,1.B.14	cellulose	2013
GH5,GH5,GH26,8.A.46,1.B.14	cellulose	2013
GH92,GH130,GH163,8.A.46,1.B.14	host glycans	2013
9.B.33,HTH_AraC+HTH_AraC,CBM6|GH43,CBM6|GH10,CBM6|GH43,CBM6|CE1,CBM6|GH43,CBM6|GH62,CBM6|GH43,GH146|CBM22,GH27|CBM6,CBM6|GH59,CBM6|GH2,CBM6|CE6|GH62,CBM32|CBM6|GH95,CBM6|GH30	cellulose	2013
HTH_8,GH16,GH117,GH2,GH2,2.A.1,GH50,GH154|GH105,GH16,GH86,GH86,1.B.14,HTH_AraC,GH29,GH16,1.B.14,GH2	sulfated glycans	2012
1.B.18,8.A.3,9.B.18,9.B.30,9.B.97,9.B.97,GT4,GT94,2.A.66,GT70,GT26	xanthan	2013
GH67,GH3,8.A.59,HTH_AraC,3.A.1	hemicellulose	2012
GH43,1.B.14,1.B.14,HTH_AraC+HTH_AraC,GH43,GH51,GH43	hemicellulose	2012
HTH_AraC+HTH_AraC,8.A.59,3.A.1,3.A.1,3.A.1,GH67,GH10|CBM22,GH43	other	2007
3.A.1,3.A.1,3.A.1,3.A.1,HTH_12,GH65,CBM34|GH13,8.A.9,LacI	starch	2012
3.A.1,3.A.1,3.A.1,GH36	mono/di/trisaccaride	2014
GH36,8.A.9,3.A.1,3.A.1,SBP_bac_1	mono/di/trisaccaride	2014
GerE,1.B.14,8.A.46,GH16,GH3,GH16	sulfated glycans	2014
PL7,PL6,PL7,PL17,AraC_binding,1.B.14,PL7,PL7,GntR,2.A.1,PfkB,LacI	sulfated glycans	2014
GH13,GH13,GH65,2.A.2,LacI,1.B.14,GH13	alpha-glucan	2014
HTH_3,4.D.1,2.A.50,PL5	capsule/o-antigen	2014
4.A.3,4.A.3,4.A.3,8.A.49,GntR,GH26	beta-mannan	2008
GH5|GH26,GH5,1.B.14,HTH_AraC+HTH_AraC,2.A.2,GH130,GH26,CE7,GH36,GH3	cellulose	2014
GH31,GH9,GH26,1.B.14	cellulose	2014
1.B.14,GH5,HTH_AraC+HTH_AraC,GH36	cellulose	2014
GH31,CBM72|GH5,GH26,1.B.14	cellulose	2014
HTH_AraC+HTH_AraC,GH5,GH94,2.A.2,1.B.14,8.A.46,GH36	cellulose	2014
GH20,GH33,8.A.46,1.B.14,2.A.1	host glycans	2014
GH98|CBM47,GH95,4.A.6,4.A.6,4.A.6,4.A.6,HTH_DeoR	mono/di/trisaccaride	2014
GH98|CBM51,GH36,GH36,GH29,3.A.1,3.A.1,3.A.1,HTH_DeoR	mono/di/trisaccaride	2014
1.B.18,8.A.3,GT4,9.B.18,GT4,9.B.18,9.B.18	capsule/o-antigen	2013
9.B.18,9.B.18,PL12|PL0,8.A.3,1.B.18	capsule/o-antigen	2013
SBP_bac_1,3.A.1,3.A.1,GH105,HTH_AraC+HTH_AraC,CE12,9.B.28,CE12|PL11,PL11,CE12,GH42	pectin	2007
1.B.18,8.A.3,GT4,GT4,NUDIX,PL12|PL0,GT4,9.B.18,9.B.18	capsule/o-antigen	2013
CBM32,1.B.14,cNMP_binding	host glycans	2014
CBM32,1.B.14,GH29,HTH_AraC+HTH_AraC+HTH_AraC	host glycans	2014
Fer4+Fer4,GT2,GT2,GT101|GT0,GT2,GT2,GT4,GT4,8.A.3,GH27	capsule/o-antigen	2014
9.B.18,9.B.18,Fer4,GT4,GT4,1.B.18,8.A.3	capsule/o-antigen	2014
Fer4,SIS,GT2,9.B.18,1.B.18,8.A.3	capsule/o-antigen	2014
9.B.18,GT4,GT4|GT94,9.B.18,1.B.18	capsule/o-antigen	2014
Pyr_redox,GT4,GT2,GT4,GT2	capsule/o-antigen	2014
9.B.18,GT2,GT2,GT2,GT25,2.A.66	capsule/o-antigen	2014
GerE,9.B.18,CbiA,GT4,PL15,GT4,AraC_binding	capsule/o-antigen	2008
8.A.3,GT4,GT0|GT4,GT4,GT2,GT14,GT14,GT32,GT8,GT2,GT2,2.A.66	capsule/o-antigen	2014
1.B.14,CBM4|GH10,GH10,GH5,CE0|CE1,GH95|CE6,GH8,HTH_AraC+HTH_AraC	hemicellulose	2013
CBM4|GH10|CBM22,1.B.14,HTH_AraC+HTH_AraC+HTH_AraC	hemicellulose	2013,2019
GH16,HTH_18,1.B.14,GntR,GntR,2.A.1,GH16	sulfated glycans	2019
LacI+Peripla_BP_1+Peripla_BP_3,GH13	mono/di/trisaccaride	1995
HTH_5,3.A.1,3.A.1,3.A.1,3.A.1,GH42,GH36,PfkB	mono/di/trisaccaride	2013
Pyr_redox_2,GH13|CBM48,GT5,GT35,CBM34|GH13,3.A.1	glycogen	2013
3.A.1,3.A.1,3.A.1,GH13,LacI+Peripla_BP_3	starch	2013
3.A.1,PIG-L,GH3,3.A.1,3.A.1,SBP_bac_1,HTH_5,CBM5,CBM5|GH18,CBM5|GH18	chitin	2014
2.A.38,GT4,CE4|CE0,9.B.42,1.B.66,1.B.18	capsule/o-antigen	2008
GH30,GH42,2.A.1,TetR_N	mono/di/trisaccaride	2013
2.A.2,GH2,LacI	galactan	2013
3.A.1,GH42,3.A.1,3.A.1,LacI	galactan	2013
GH43,LacI,SBP_bac_1,3.A.1,3.A.1,GH43,GH43,HTH_IclR	hemicellulose	2013
8.A.9,GH77,9.B.28,3.A.1,3.A.1,LacI,3.A.1,8.A.9	mono/di/trisaccaride	2013
8.A.9,GH36,3.A.1,3.A.1,SBP_bac_1,GH36	alpha-glucan	2013
4.A.1,GH32,LacI	fructan	2013
GH32,3.A.1,3.A.1,3.A.1,LacI,HTH_Mga+Mga+PRD_Mga	fructan	2013
GH32,3.A.1,3.A.1,3.A.1,LacI,HTH_Mga+Mga+PRD_Mga	fructan	2013
8.A.3,8.A.3,9.B.18,GT4,GT4,GT2,GT2,GT2	capsule/o-antigen	2012
TPR_2,GT2,9.B.142,4.D.2,GT4,GT4	capsule/o-antigen	2008
1.B.52,LacI,3.A.1,3.A.1,3.A.1,GH42	galactan	2013
3.A.1,3.A.1,3.A.1,GH42,LacI,GH53|CBM61	galactan	2013
2.A.2,GH2,LacI	galactan	2013
LacI,3.A.1,3.A.1,GH42,3.A.1	galactan	2013
Aminotran_1_2,GT2,GT4,GT2,1.B.18,8.A.3	capsule/o-antigen	2012
MarR,4.A.3,4.A.3,GH1,4.A.3	other	2012
1.B.14,HTH_AraC+HTH_AraC,GH97,GH3,GH43|CBM22,GH146,GH115,CE0|CE1|CE6,GH43,1.B.14	hemicellulose	2018
GT4,GT4,4.D.1	capsule/o-antigen	2018
1.B.35,2.A.2,2.A.2,GH31,PfkB,HTH_DeoR	mono/di/trisaccaride	2018
GH16|GH0,GH3,SIS+SIS,GntR,1.A.30,1.A.30,1.B.14	chitin	2008
GH130,LacI,GH130,SBP_bac_1,GH27,3.A.1,3.A.1,CE7	beta-mannan	2018
GH120,GH43,GH43,3.A.1,3.A.1,3.A.1,LacI	hemicellulose	2018
2.A.3,GH43,GH43,GH43,GH43,GH43,9.B.28	hemicellulose	2018
2.A.3,HTH_5,GH43,9.B.28	hemicellulose	2018
SBP_bac_1,3.A.1,3.A.1,GH42,LacI,GH53|CBM61	galactan	2018
SBP_bac_1,3.A.1,3.A.1,GH42,LacI,2.A.2	galactan	2018
LacI,3.A.1,3.A.1,SBP_bac_1,GH29,GH95	mono/di/trisaccaride	2018
3.A.1,3.A.1,SBP_bac_1,GH43,LacI,GH43,GH43,GH43,GH51,3.A.1	hemicellulose	2018
GT32,GT2,GT2	capsule/o-antigen	2018
GH51,GH146,NUDIX,2.A.21,GH43,1.B.14,1.B.14,HTH_AraC+HTH_AraC,GH43,GH51,GH43	hemicellulose	2018
SBP_bac_1,3.A.1,3.A.1,3.A.1,CE9	chitin	2008
GH2,GH53,8.A.46,1.B.14,HTH_AraC+HTH_AraC+HTH_AraC	galactan	2018
GH105,CE8,CE4|CE8|CE12,HTH_AraC,1.B.14,PL1|CE8,PL1|CE8,9.B.116,LytTR,PL1,1.B.14,GH28,HTH_AraC+HTH_AraC	pectin	2018
GH2,GH53,8.A.46,1.B.14,GH147,HTH_AraC+HTH_AraC+HTH_AraC	galactan	2018
1.E.2,1.E.2,CBM5|GH18,HTH_1,AA10	chitin	1996
GH16,1.B.14,8.A.46,GH3	beta-glucan	2017
SBP_bac_3,3.A.1,3.A.1,GH43,GH127,GH51,GH27,GH51,3.A.1,3.A.1,3.A.1,GH146	hemicellulose	2017
CBM4,1.B.14,1.B.14	sulfated glycans	2017
GT2,4.D.3,GH8,1.B.55	cellulose	2019
GH68,GH32	mono/di/trisaccaride	2009
PL6,PL7,PL6	sulfated glycans	2017
1.B.14,GH16	sulfated glycans	2017
GH2,GH117,HTH_AraC,0040266,GerE,1.B.14	sulfated glycans	2017
TetR_N,GH16|CBM16	sulfated glycans	2017
TPR_1,GH5	sulfated glycans	2017
CE12|CBM3|PL11,CBM66|PL3,CBM66|PL9,HTH_AraC+HTH_AraC,GH48|GH10|CBM3|CBM22,GH5|CBM3|GH44,GH48|GH74|CBM3,GT39,GH9|CBM3|GH5,CBM3|GH5,GH48|CBM3|GH9	beta-glucan	2018
GH1,1.B.3,4.A.3,4.A.3,4.A.3,GntR	mono/di/trisaccaride	2009
CE12|CBM3|PL11,CBM66|PL3,CBM66|PL9,CBM66|PL9,CBM66|PL9,HTH_AraC+HTH_AraC,GH48|GH74|CBM3,GT39,GH5|CBM3|GH9,GH10|CBM3|GH5|CBM22,GH12|GH10|CBM3|GH48|CBM22,GH44|CBM3|GH5,GH48|CBM3|GH9	beta-glucan	2018
CBM61|GH53,GH42,3.A.1,3.A.1,3.A.1,LacI+Peripla_BP_3	galactan	2017
1.B.18,8.A.3,CBS,GT4,GT4,9.B.18	capsule/o-antigen	2017
1.B.14,GH30,GH3	beta-glucan	2017
GH73,Peptidase_M23,9.B.154	beta-glucan	2017
8.A.9,CBM34|GH13,3.A.1,3.A.1,3.A.1	other	2017
GH127|CBM13,GH43,GH2,GH5,1.B.14	hemicellulose	2017
GH43|CBM22,GH43,GH43,1.B.14,LacI,GH3,GH67,GH10,GH115,CE15,2.A.21	hemicellulose	2017
1.B.14,8.A.46,CE8,PL9,PfkB,2.A.56,2.A.56,2.A.56,LacI,GH28,GH105,GH43,PL9|GH28,CE12,CE8|CE10,CE12,PL10	pectin	2017
4.A.3,4.A.3,GH1,4.A.3,LacI+Peripla_BP_3	mono/di/trisaccaride	2008
GH5,GH5,CE7,HTH_AraC+HTH_AraC,GH2,GH94,8.A.5,GH97,8.A.46,1.B.14,GH127,GH127	multiple substrates	2017
PALP,3.A.1,GH9,1.B.14,GH31,HTH_AraC+HTH_AraC,GH9	multiple substrates	2017
GH9,1.B.14,GH31,HTH_AraC+HTH_AraC,GH9,GH9,ATPase_2,CE4,HATPase_c,GerE	multiple substrates	2017
HTH_8,Glyoxalase,3.B.1,3.B.1,3.B.1,TPR_1,GH13,Pribosyltran,HTH_AraC,Fer4,GH97,1.A.43,GH3,GH158,GH16	multiple substrates	2017
1.A.43,GH3,GH158,GH16,1.B.14,GerE,4.D.2,2.A.107,2.A.7,TPR_2,HTH_AraC+HTH_AraC,2.A.1	multiple substrates	2017
Aminotran_1_2,GerE,2.A.35,2.A.1,HTH_AraC+HTH_AraC,TPR_2,2.A.7,2.A.107,4.D.2,GerE,1.B.14,GH16,GH158,GH3	multiple substrates	2017
2.A.1,HTH_AraC+HTH_AraC,TPR_2,2.A.7,2.A.107,4.D.2,GerE,1.B.14,GH16,GH158,GH3,1.A.43,GH97,Fer4,HTH_AraC,Pribosyltran	multiple substrates	2017
GH97,1.A.43,GH3,GH16,1.B.14,0038753,GH20,Pyr_redox_2,3.A.12,0043669	multiple substrates	2017
HTH_psq,GH5,3.A.3,HMA,Aminotran_1_2,HTH_3,Trans_reg_C,HisKA+HATPase_c,MerR,Sigma70_r4_2,HTH_3,HTH_3,HTH_3	multiple substrates	2017
GH32,GH91,3.A.1,3.A.1,SBP_bac_1,LacI,3.A.1,TrmB,2.A.115,HTH_psq,GH5,3.A.3,HMA,3.A.7	multiple substrates	2017
CBM22|GH10|CE1,GH95,GH3,SBP_bac_1,HTH_AraC+HTH_AraC	hemicellulose	2009
3.A.7,HMA,3.A.3,GH5,HTH_psq,2.A.115,TrmB,3.A.1,LacI,SBP_bac_1,3.A.1,3.A.1	multiple substrates	2017
GH18,GH20,PIG-L,8.A.46,1.B.14,GH18,8.A.46,1.B.14,LytTR,2.A.1	chitin	2016
HTH_AraC+HTH_AraC,1.B.14,CBM4|GH10,GH35,2.A.2,GH10|GH43,GH43,GH67,0036286+0035607,GH8,GH95|CE6,CE0|CE1,GH5,GH10|CBM0,1.B.14,GH115	hemicellulose	2016
GH43,HTH_AraC,1.B.14,GH43,GH43,GH10,2.A.2,GH16	hemicellulose	2016
HTH_AraC+HTH_AraC,2.A.1,MarR,Glyoxalase,2.A.1,GH13|CBM48	other	2014
GH33,GH20,GH2,CBM32|GH20,GH20,GH92,GH2,1.B.14,GH2	host glycans	2012
GH4,GntR,4.A.1	mono/di/trisaccaride	2012
9.B.146,Pyr_redox,GT4,GT2,GT4,GT2	capsule/o-antigen	2006
2.A.1,GH32,LacI	mono/di/trisaccaride	1992
GerE,FecR,1.B.14,GH20	multiple substrates	2006
1.B.14,8.A.46,GH0,GH92,GH92,FecR,GerE	multiple substrates	2006
GH0|GH93,1.B.14,GH43,HTH_AraC+HTH_AraC,GH43	host glycans	2006
GH30,1.B.14,HTH_AraC,GH18	host glycans	2006
Sigma70_r2+Sigma70_r4_2,FecR,1.B.14,8.A.46,GH18	host glycans	2006
CBM32,1.B.14	multiple substrates	2006
CBM32|GH35,GH43,GH43,GH51	host glycans	2006
GH43,GH97,GH29,HTH_AraC+HTH_AraC+HTH_AraC	host glycans	2006
GH2,GH53,8.A.46,1.B.14	host glycans	2006
8.A.9,3.A.1,3.A.1,3.A.1,CBM34|GH13,GH4	starch	2000
LacI,2.A.2,GH13	mono/di/trisaccaride	2007
1.B.14,CE8,PL10	pectin	2007
GH10|CBM22,GH2,GH10,2.A.1,2.A.2,GH43	hemicellulose	2007
LacI,GH13,2.A.2,GH97,1.B.14,8.A.9	other	2007
HTH_DeoR,4.A.6,4.A.6,4.A.6,4.A.6,CE9,SIS+SIS,4.A.6,4.A.6,4.A.6	host glycans	2000
GH42,3.A.1,3.A.1	galactan	2008
2.A.2,0039939,GH2,GH95,GH29,9.B.28,3.A.1,3.A.1,SBP_bac_1,3.A.1,3.A.1,SBP_bac_1,GH33,SBP_bac_1,SBP_bac_1,SBP_bac_1,SBP_bac_1,GH20,SBP_bac_1,3.A.1,3.A.1,3.A.1	host glycans	2008
4.A.6,4.A.6,4.A.6,GH88,4.A.6,PfkB,Nitroreductase	host glycans	2009
GH1,4.A.1	mono/di/trisaccaride	2009
CBM34|GH13,8.A.9,3.A.1,3.A.1,3.A.1	other	2001
GH1,4.A.1	mono/di/trisaccaride	2009
LacI,GH32,4.A.1,1.B.3,PfkB	mono/di/trisaccaride	2009
LacI,GH36,2.A.1	mono/di/trisaccaride	2009
HTH_8,HisKA+HATPase_c+Response_reg,GH97,GH67,GH76,1.B.14,HTH_AraC,GH92,GH76,GH125	alpha-mannan	2008
1.B.14,1.B.14,GH16,GH18,HTH_AraC+HTH_AraC	host glycans	2008
PL8,PL29,8.A.46,1.B.14,HTH_AraC,2.A.6,2.A.6,2.A.6,GH2,1.B.14,GH88,PL8	host glycans	2008
GH92,CBM32|GH38,GT32,GT32,GH130,GH125,GH76,GH92,HTH_AraC,1.B.14,GH76	alpha-mannan	2008
1.B.14,GH92,GH99	alpha-mannan	2008
1.B.14,8.A.46,GH0,GH92,GH92,FecR,GerE,GH92	host glycans	2008
CBM12|CE4,4.A.3,4.A.3,4.A.3,GH4	chitin	2004
GH2,2.A.115,GH109,1.B.14,FecR,Sigma70_r4_2	host glycans	2008
GerE,FecR,1.B.14,GH89	host glycans	2008
PL15,2.A.1,PL12,GH88,8.A.46,1.B.14,PL12,HTH_AraC+HTH_AraC	host glycans	2008
GH48,GH8,CBM3|GH9,CBM4|CBM30|GH9,CBM3|GH9,CBM3|GH9,GH5,GH9,PL11,GH5	cellulose	2010
CBM6|GH43,CBM6|GH10,CBM6|GH43,CBM6|CE1,CBM6|GH43,CBM6|GH62,CBM6|GH43,GH146|CBM22,GH27|CBM6,CBM6|GH59,CBM6|GH2	hemicellulose	2010
1.B.14,CE9,SIS+SIS,LacI,2.A.1,GntR	host glycans	2010
GT4,GT4,Pyr_redox,GT2	capsule/o-antigen	2011
GT4,GT4,GT2	capsule/o-antigen	2011
GH67,3.A.1,3.A.1,3.A.1,3.A.1,3.A.1,GH10|CBM9|CBM22,HTH_11,PfkB,GH10|CBM22,3.A.1,3.A.1,3.A.1,3.A.1,3.A.1,GH3,CE7,3.A.1	hemicellulose	2010
GH12|CBM35|CBM2|CBM3|PL11|CE12,CBM66|PL3,CBM66|PL9|CBM35,HTH_18,GH12|CBM2|CBM0|CBM3|GH10|CBM9|GH48|CBM1|CBM22,GH12|CBM35|CBM2|CBM3|CBM76|GH5|CBM10|CBM44|GH44,GH12|CBM35|CBM2|CBM3|CBM5|GH48|CBM1|GH74,GT39,GH5|CBM3|GH9,CBM3|GH5,GH48|CBM3|GH9	multiple substrates	2011
8.A.46,1.B.14,Sigma70_r2+Sigma70_r4_2,GH67,2.A.2,GH13	hemicellulose	2016
CBM6|GH86,1.B.14,GH16|CBM6	galactan	2011
LacI,3.A.1,3.A.1,GH32,PfkB	fructan	2011
3.A.1,8.A.59,Response_reg+HTH_18,3.A.1,3.A.1,3.A.1,GntR+Peripla_BP_3,GH43,SBP_bac_1,3.A.1,3.A.1,CBM54|GH43,GH51,GH51,GH127	hemicellulose	2011
GntR,4.A.1,4.A.1,1.B.1,CE9,SIS+SIS	host glycans	2011
1.B.14,8.A.46,GH18	host glycans	2011
1.B.14,GH2	host glycans	2011
GH42,2.A.2,LacI,GH2	galactan	2011
PL6,PL17,AraC_binding,2.A.1,PfkB,GntR,CBM32|PL7,1.B.14,PL6,PL7	sulfated glycans	2015
CBM4|GH16,1.B.14,9.B.34,2.A.35,GH3,2.A.1,8.A.49,LacI,2.A.1	sulfated glycans	2019
GH43,2.A.2,HTH_AraC+HTH_AraC	hemicellulose	2001
1.B.14,GH1,2.A.2,LacI+Peripla_BP_3	sulfated glycans	2019
2.A.56,2.A.56,2.A.56,LacI,PfkB,CE12,1.B.14,GH105,GH28,CE8	pectin	2019
TrmB,PL1,PL1|CE8	pectin	2019
3.A.1,LacI,GH16,GH3,GH18,1.E.19,HTH_5,3.A.3,9.B.105	beta-glucan	2019
4.A.3,GH1,4.A.3	mono/di/trisaccaride	1997
GH26,GH130,2.A.2	beta-mannan	2014
SIS+CBS+CBS,8.A.4,1.B.18,9.A.41,9.A.41,GT38,3.A.1,3.A.1	host glycans	2011
2.A.1,GH33,GntR	host glycans	2011
GH10,GH43	hemicellulose	1995
GH28,2.A.1	pectin	2003
3.A.1,8.A.49,3.A.1,3.A.1,AAA,8.A.59,3.A.12,GH44,1.C.39,2.A.21	mono/di/trisaccaride	2019
GH10,3.A.12,ATPase_2,SBP_bac_1,3.A.1,3.A.1,8.A.49,GH10,Fer4	hemicellulose	2019
8.A.46,1.B.14,GH20,GH20	multiple substrates	2011
2.A.1,1.B.14,GH151|CE6|GH105	other	2011
CE6|GH105,1.B.14,2.A.1,2.A.1	other	2011
1.B.14,CE1,CE1	other	2011
GH5,1.B.14,GH5,GH2,GH5,GH140,GH130,2.A.2,GH78|CBM67	other	2011
GH144,GH3,8.A.46,1.B.14	other	2011
GH13,8.A.46,1.B.14,GH97,GH13	starch	2011
1.B.14,8.A.46,GH18	host glycans	2011
GH94,8.A.49	mono/di/trisaccaride	2000
8.A.46,1.B.14,1.B.14,8.A.46,GH18,GH163,GH130,GH92	host glycans	2011
PfkB,2.A.1,GH32,GH91,GH91,1.B.14,GH32	fructan	2011
8.A.46,1.B.14,GH0,GH92,GH92,FecR	host glycans	2011
GH53,8.A.46,1.B.14,GH147	other	2011
TetR_N,4.D.1,CE4,9.B.97	capsule/o-antigen	1996
1.B.18,ComK,9.B.18,CbiA,GT2,GT2,4.C.1,GT4,GT2	capsule/o-antigen	2011
GT4,GT4,8.A.3,GT94	capsule/o-antigen	2012
NUDIX,GT26	capsule/o-antigen	2016
GT4,2.A.121,GT2	capsule/o-antigen	2017
GT2,9.B.97	capsule/o-antigen	2017
CBM4|CBM30|GH9,GH9,GH5,CBM4|GH9,CBM4,2.A.69	beta-mannan	2000
GH43,GerE,FecR,1.B.14,8.A.46,GH30,GH30,GH16,1.B.14,FecR,Sigma70_r2+Sigma70_r4_2	mono/di/trisaccaride	2017
GH65,GH13,8.A.46,1.B.14,LacI,CBM32	beta-mannan	2017
GH51,1.B.14,HTH_AraC+HTH_AraC	beta-mannan	2017
1.B.14,8.A.46,GH89,DUF24,4.D.3,GH158	beta-mannan	2017
GH33,8.A.46,1.B.14,FecR	beta-mannan	2017
GH2,1.B.14,HTH_AraC,GH76|CBM13	beta-mannan	2017
1.B.14,FecR,GerE,GH130,CBM13|GH43	beta-mannan	2017
CBM5|GH18,GH18|GH64|CBM6,GH16|CBM6,GerE,FecR,1.B.14	multiple substrates	2017
GH16,GerE,Sigma70_r2+Sigma70_r4_2,FecR,1.B.14,8.A.46,Y_Y_Y,CBM6	multiple substrates	2017
GH31,1.B.14,CBM5|GH19	multiple substrates	2017
PL7|PL5,LacI,3.A.1,3.A.1,3.A.1,3.A.1,3.A.1,PL15	sulfated glycans	2000
Aminotran_1_2,2.A.66,GT4	capsule/o-antigen	2017
GT4,9.B.18,GT4,2.A.66	capsule/o-antigen	2017
NUDIX,GT4	capsule/o-antigen	2017
GT4,9.B.18,GT2,GT4	capsule/o-antigen	2017
GT52,GT2,Pyr_redox,GT2	capsule/o-antigen	2017
8.A.3,8.A.3,9.B.18,GT4,4.D.1	capsule/o-antigen	2017
8.A.3,8.A.3,9.B.18,GT4,GT2	capsule/o-antigen	2017
8.A.3,8.A.3,9.B.18,GT4,4.D.1	capsule/o-antigen	2017
GH13|CBM41,3.A.1,GT0|GT5,NUDIX,GT0|GT5,GH77,PfkB+PfkB,GH13|CBM41,GH13|CBM20	mono/di/trisaccaride	2013
2.A.1,GH13,LacI	mono/di/trisaccaride	2003
2.A.1,HTH_AraC+HTH_AraC,1.B.14,1.B.14,GH43|CE6,HTH_AraC+HTH_AraC,GH43,GH10,2.A.2,GH67	hemicellulose	2010
GH43,2.A.2,2.A.1	hemicellulose	2016
GH16,HTH_1,2.A.1,GntR,GH16|CBM16,1.B.52,TrmB,GH16,2.A.21,GH16,GntR	sulfated glycans	2020
GH2,2.A.21,3.D.1,CBM6|GH96,CBM6|GH96,2.A.1,GH50,GH50,GH29,SBP_bac_1,TrmB,1.B.14,GntR,GH50,1.B.14,GH86,3.A.1,3.A.1,3.A.1,3.A.1,PfkB,GH117	sulfated glycans	2020
GH2,GH29,PfkB,GH63,2.A.21,Sigma70_r4,HTH_18,HTH_AraC,1.B.14,0040266,CBM6|GH86,GntR,GH50,TetR_N,Glyoxalase,GH86,GntR,GH50,1.B.14,2.A.1,GH117,PfkB,HTH_1,1.B.6,GH50,2.A.56,2.A.56,GH16,HTH_3,GH50,Pyr_redox_2,CE1,2.A.21,HTH_AraC+HTH_AraC,GH16,GH127,GH16,GH82,GH16,GH16,1.B.14,MarR,HTH_11,Crp,GH16	sulfated glycans	2018
9.B.18,GT4,GT4,GT4,1.B.6	capsule/o-antigen	2019
GT2|GT0,GT4,GT2	capsule/o-antigen	2014
Fe_dep_repress,2.A.1,GH89,1.B.14,CE2	host glycans	2008
1.B.14,2.A.1,GH33,GH20,GH2,GH20,GH20,GH2	host glycans	2008
GerE,FecR,1.B.14,8.A.46,GH18	host glycans	2008
GH51,3.A.1,3.A.1,3.A.1	hemicellulose	2004
1.A.23,CBM32|GH29,GH2,GH20,1.B.14,GH18,HTH_AraC	host glycans	2008
TPR_2+TPR_1+TPR_2,Peptidase_M23,HTH_AraC+HTH_AraC,GH43,1.B.14,1.B.14,ATPase_2,1.B.14,GH76,1.B.14	host glycans	2008
8.A.9,8.A.46,1.B.14,GH97,8.A.9	starch	2008
Sigma70_r2+Sigma70_r4_2,FecR,1.B.14,1.B.14,8.A.46,GH18	host glycans	2008
HTH_AraC,1.B.14,GH92,GH92,GH92	host glycans	2008
GerE,GH38,GH92,CBM32|GH2,GH78|CBM67,CE1,1.B.14,1.B.14,GH92,GH92,GH130,GH43	host glycans	2008
GH13|CBM26,GH97,GH13,8.A.46,1.B.14,FecR,GerE	starch	2009
GerE,1.B.14,8.A.46,GH30,GH30,GH3,GH30,GH3	multiple substrates	2009
LacI,3.A.1,3.A.1,3.A.1,8.A.49,GH18|CBM2	cellooligosaccharide	1999
HTH_11+HTH_AraC,1.B.14,GH5,GH43,GH2,GH43,GH43,CBM32|GH29,PIG-L	multiple substrates	2009
GerE,1.B.14,8.A.46,GH16,GH16	beta-glucan	2009
LacI,1.B.14,8.A.46,GH2,GH92,GH92,GH125	starch	2009
GH43,GH27,GH2,GH95,GH51,GH28,GH28,2.A.21,GH2,HTH_AraC,GH92,GH92,1.B.14,GH89	pectin	2009
GH3,HTH_AraC,1.B.14,GH10,GH16,GH8,2.A.2	hemicellulose	2009
8.A.46,1.B.14,HTH_AraC+HTH_AraC,GH97,GH3,GH43|CBM22,GH146,GH115,GH43,1.B.14,GH3	hemicellulose	2009
GH78|CBM67,GH142,GH95,GH78|CBM67,GH143,GH43,GH28,GH140,PL1|CE8,PL1|CE8,1.B.14,CE8,GH127,PL1,GH139,GH106,GH2,GH137,GH78,HTH_AraC	pectin	2009
GH2,CE4|CE12,GH28,GH117,1.B.14,GH106,GH105	pectin	2009
CE12,GH28,CE8|PL10,GH43,GH105,GH105,GH105,8.A.46,1.B.14,GH28,LacI	pectin	2009
GH65,GH97,GH31,GH66,8.A.46,1.B.14	dextran	2009
9.B.67,GH13,3.A.1,3.A.1,3.A.1,GH36,HTH_AraC+HTH_AraC,HTH_11	mono/di/trisaccaride	1999
GH18,GH20,PIG-L,8.A.46,1.B.14,GH18,8.A.46,1.B.14,LytTR+LytTR	chitin	2009
GH5,GH27,8.A.46,1.B.14,HTH_AraC,GH26,2.A.2,GH130,GH26,GH5,GH97	beta-mannan	2009
SIS,GT4,9.B.18	capsule/o-antigen	2010
Aminotran_1_2,GT2,GT11,9.A.29,9.B.18	capsule/o-antigen	2010
GT0|GT46,9.B.18,9.B.18	capsule/o-antigen	2010
2.A.66,GT2,GT0,Aminotran_1_2,9.B.18,9.B.18	capsule/o-antigen	2010
GT2,GT4,GT4,2.A.66,GT0|GT10,GT2,Aminotran_1_2	capsule/o-antigen	2010
2.A.66,Aminotran_1_2,9.B.97,GT4,GT4,GT4,9.B.146	capsule/o-antigen	2010
GT2,GT2,GT4|GT94,GT2,9.B.18	capsule/o-antigen	2010
GT2,GT2,GT2,GT2,Aminotran_1_2,9.B.146	capsule/o-antigen	2010
CBM5|GH18,CBM5|AA10,CBM5|GH18	chitin	2002
GT2,9.B.97,GT4,GT11,GT4,GT4,GT4,GT26,9.A.25	capsule/o-antigen	2010
GT2,GT2,GT101|GT0,GT4,2.A.66,GT2,GT2,GT2	capsule/o-antigen	2010
GT4,GT0|GT94,GT4,GT4,GT2	host glycans	2010
2.A.66,GT2,GT4,9.B.18	capsule/o-antigen	2010
GT11,GT2,GT2,GT4,9.B.18	capsule/o-antigen	2010
GT11,GT4,GT2,GT4,CE4|CE0,GT4,GT2,9.B.146	capsule/o-antigen	2010
9.B.146,GT2,GT2,9.B.183,GT2,GT11,GT0|GT10	capsule/o-antigen	2010
9.B.146,GT4,GT4,GT4,GT2,GT2	capsule/o-antigen	2010
2.A.66,GT8,GT2,GT2,9.B.146	capsule/o-antigen	2010
Aminotran_1_2,2.A.66,PL12,9.B.18	capsule/o-antigen	2010
LacI,3.A.1,3.A.1,3.A.1,GH3	hemicellulose	2004
GT2,GT4,GT2,GT2,GT2,GT10,Nitroreductase,9.B.146	capsule/o-antigen	2010
GT2,GT2,GT2,GT2,GT4,Fer4+Fer4,GT4,GT26,9.A.25	capsule/o-antigen	2010
GT2,GT2,GT4,2.A.66,4.D.1,GT2,GT2	capsule/o-antigen	2010
GT4,GT0|GT94,GT4,GT4,GT2	host glycans	2010
GT2,GT2,9.B.18	capsule/o-antigen	2010
GT11,GT2,GT2,GT4,9.B.18	capsule/o-antigen	2010
GT0|GT46,9.B.18,9.B.18	capsule/o-antigen	2010
9.B.18,GT4,GT4,9.B.67,GT2,GT4,2.A.66	capsule/o-antigen	2010
9.B.18,GT2,GT2,GT11,GT2,2.A.66	capsule/o-antigen	2010
Fer4,GT2,GT2,GT4,GT4,9.B.146	capsule/o-antigen	2010
GT35,GH77,3.A.1,3.A.1,3.A.1,LacI	mono/di/trisaccaride	1993
2.A.2,GH43	hemicellulose	2003
2.A.66,Aminotran_1_2,GT2,GT4,9.B.18	capsule/o-antigen	2010
GT2,GT4,GT2,GT32,GT2,GT2,Aminotran_1_2,9.B.146	capsule/o-antigen	2010
GT4,GT4,GT4,GT26,9.A.25	capsule/o-antigen	2010
GT2,GT2,GT4,GT101|GT0,2.A.66,GT4,GT2,GT2	capsule/o-antigen	2010
GT0|GT94,GT4,GT4,GT2	host glycans	2010
1.B.14,GH30,GH3	beta-glucan	2011
HATPase_c,9.B.174,GH3,GH2,GH31,HTH_AraC+HTH_AraC,GH9,1.B.14,GH5,GH43,GH43,GH3	hemicellulose	2011
GH3,HTH_AraC,GH16,1.B.14,8.A.46,GH3	beta-glucan	2011
GH105,CE8,CE4|CE8|CE12,HTH_AraC,PL1|CE8,PL1,PL1,CE8,1.B.14,9.B.116,LytTR,PL1,PL1|CE8,1.B.14,8.A.46,CE8,GH28,GH3,CBM6|GH43,HTH_AraC+HTH_AraC	pectin	2011
Sigma70_r2+Sigma70_r4_2,PL1|CE8,HTH_AraC,GH2,GH139,GH106,3.A.3,HisKA+HATPase_c,Trans_reg_C,GH2,GH2,HisKA+HATPase_c,HTH_AraC,GH2|CBM57|GH137,GH138,2.A.21,GH78,GH141,GH127,Nitroreductase,GH95,GH105,GH140,GH78|GH33|CBM67,GH28,GH78|CBM67,GH143|GH142,GH43,PL1|CE8,1.B.14,1.B.14	pectin	2011
4.A.3,4.A.3,GH1,AraC_binding+HTH_18	mono/di/trisaccaride	2003
GH51,GH43,HTH_AraC,1.B.14,GH43,2.A.21,NUDIX,GH146,GH51	multiple substrates	2013
HTH_AraC+HTH_AraC,GH115,1.B.14,1.B.14,GH10,GH30	hemicellulose	2013
GH0|GH133,GH13,8.A.46,1.B.14,GH2,GH53,GH147	pectin	2013
GH16|GH43,GH16,1.B.14,1.B.14,HTH_AraC	hemicellulose	2013
HTH_AraC+HTH_AraC,GH2,1.B.14	host glycans	2013
GH3,GH3,1.B.14,GH157,HTH_AraC	beta-glucan	2013
2.A.2,GH130,GH26,GH26,1.B.14,GH5,GH5,CE7,HTH_AraC+HTH_AraC,GH3	multiple substrates	2013
PL1|CE8,1.B.14,GH28,HTH_AraC+HTH_AraC,GH105,GH28,PL11,GH106,GH105	multiple substrates	2013
GH97,GH13,GH13,1.B.14	alpha-glucan	2013
HTH_AraC,1.B.14,8.A.46,PL8	host glycans	2013
8.A.59,HTH_AraC+HTH_AraC,SBP_bac_1,3.A.1,3.A.1,CE4,GH52,GH10,3.A.1,3.A.1,GH67,GH39,PfkB,GntR,9.B.28,AAA,GH43	hemicellulose	1999
GH30,1.B.14,GH2|CBM57,GH88	multiple substrates	2013
PfkB,1.B.14,GH2	mono/di/trisaccaride	2013
HTH_AraC,CBM6|GH43,GH3,GH43,GH9,1.B.14,CBM13|GH43,CE1	hemicellulose	2013
HTH_AraC+HTH_AraC,GH2,1.B.14,GH30,GH51	multiple substrates	2013
HTH_AraC+HTH_AraC,2.A.21,GH130,1.B.14,GH26,GH2,GH3	mono/di/trisaccaride	2013
GH28,GH92,GH92,1.B.14,FecR,GerE	mono/di/trisaccaride	2013
HTH_AraC,GH140,1.B.14	pectin	2013
CE8|PL1,CE8,1.B.14,GH3,HTH_AraC+HTH_AraC+HTH_AraC	host glycans	2013
1.B.14,GH16,GH3	multiple substrates	2013
1.B.14,PL1|CE8,GH43,GH142|GH143,GH78|CBM67	hemicellulose	2013
GH43,CBM6|GH3,GH43,GH31,GH97,CBM66|CBM6|GH43,GH43,1.B.14,CBM4|GH10|CBM0,GH5,CE1|CE6,CBM6|GH43,Reg_prop+Reg_prop+Reg_prop+Y_Y_Y+HisKA+HATPase_c+Response_reg+HTH_18,GH95,GH115	hemicellulose	2016
1.B.14,8.A.46,GH66,GH31,GH97	dextran	2013
GH154,GH2,GH20,GH88,PL33|PL0,1.B.14,HTH_AraC+HTH_AraC	host glycans	2014
GerE,FecR,1.B.14,8.A.46,GH18	host glycans	2014
GH97,GH67,GH76,1.B.14,HTH_AraC,GH92,GH76,GH125	alpha-mannan	2015
HTH_AraC,GH2,GH139,GH106,3.A.3,HisKA+HATPase_c,Trans_reg_C,GH2,GH2,HisKA+HATPase_c,HTH_AraC,GH2|CBM57|GH137,GH138,2.A.21,GH78,GH141,GH127,Nitroreductase,GH95,GH105,GH140,GH78|GH33|CBM67,GH28,GH78|CBM67,GH142|GH143,GH43,CE8|PL1,1.B.14,1.B.14	pectin	2017
CBM32|GH43,GH43,GH97,GH29,HTH_AraC+HTH_AraC,1.B.14	pectin	2017
PL27,GH43,GH43,HTH_AraC+HTH_AraC,1.B.14,1.A.30,CBM32|GH35	hemicellulose	2008
2.A.2,GH36,GH2	mono/di/trisaccaride	2002
CBM32|GH43,GH43,GH97,GH29,HTH_AraC+HTH_AraC,1.B.14	host glycans	2008
GH127,GH43,GH154,HTH_AraC,1.B.14,GH16|GH43,GH43,GH145,GH105	hemicellulose	2008
GH106,GH28,GH28,CE12,GH2,GH43|GH42,GH28,CE4|CE0,GH28,GH2,GH27|CBM35,GH35,1.B.14,8.A.46,1.B.14,PL9,PL26,CE12,GH105,PL11,GH105,HTH_AraC+HTH_AraC,CE4|CE0,CE6,GH2,HTH_AraC,PL9	pectin	2008
2.A.2,GH130,GH36,GH26,GH26,1.B.14,HTH_AraC+HTH_AraC+HTH_AraC	multiple substrates	2011
GH2,GH53,8.A.46,1.B.14,GH147,HTH_AraC+HTH_AraC+HTH_AraC	pectin	2011
CBM5|GH18,CBM5|AA10,CBM5|GH18	chitin	1999
PfkB,GH32,LacI,4.A.1	mono/di/trisaccaride	1999
GH68,GH32,2.A.3	fructan	2001
4.A.1,GH1	mono/di/trisaccaride	2003
4.A.3,4.A.3,4.A.3,HTH_AraC+HTH_AraC,GH4	chitin	2009
AraC_binding,2.A.50,PL5,1.B.13,4.D.1	sulfated glycans	1993
3.A.1,3.A.1,3.A.1,GH1,LacI+Peripla_BP_3	cellooligosaccharide	2009
3.A.1,3.A.1,GH1,GH84,GntR,GH125,GH38	host glycans	2006
GH13,GH13,GH36,3.A.1,3.A.1,3.A.1,GH4,3.A.1,3.A.1,LacI	mono/di/trisaccaride	2011
GH112,3.A.1,3.A.1,3.A.1	host glycans	2010
GH94,GH20,GH9,3.A.1,3.A.1,3.A.1,3.A.1,3.A.1,dCache_1+HisKA+HATPase_c+Response_reg+PAS	beta-glucan	2011
LacI+Peripla_BP_3,3.A.1,3.A.1,3.A.1,GH1	cellooligosaccharide	2011
MarR,CE9,4.A.1	host glycans	2011
Glucokinase,CE9	host glycans	2011
CBM38|GH32,PfkB,GH32	fructan	2012
4.A.3,GH1	mono/di/trisaccaride	2012
4.A.3,4.A.3,CE0,4.A.3	mono/di/trisaccaride	1993
GH13,3.A.1,3.A.1,3.A.1,HTH_AraC+HTH_AraC,GH36,LacI	mono/di/trisaccaride	2013
GH1,2.A.123,HTH_11+Mga,4.A.3,4.A.3	mono/di/trisaccaride	2011
1.B.25,GH20	chitin	2012
PfkB,2.A.1,GH32	fructan	2013
3.A.1,3.A.1,3.A.1,GH3	chitin	2013
GT35,GH77,LacI	starch	2013
3.A.1,3.A.1,3.A.1,CBM34|GH13	mono/di/trisaccaride	2013
CE9,GntR	host glycans	2013
HTH_AraC+HTH_AraC,8.A.59,3.A.1,3.A.1,3.A.1,GH67,GH10,GH43	other	2014
CBM34|GH13|CBM20,3.A.1,3.A.1,3.A.1,GH13|CBM20	mono/di/trisaccaride	1996
9.B.33,3.A.1,HTH_5,GH51	other	2014
CBM83|CBM41|CBM82|GH13|CBM26,HTH_1,Pyr_redox_2	starch	2015
SBP_bac_1,3.A.1,3.A.1,GH13	starch	2015
LacI,3.A.1,3.A.1,3.A.1,GH3	hemicellulose	2015
HTH_AraC+HTH_AraC,dCache_1+HATPase_c,SBP_bac_1,GH43,3.A.1,3.A.1,3.A.1	hemicellulose	2015
GH130,GH130,3.A.1,3.A.1,SBP_bac_1,HTH_AraC+HTH_AraC,8.A.59,GH2	beta-mannan	2015
GntR,GH28,2.A.2,GH105,PfkB,TrmB	pectin	2015
GH10|CBM22,9.B.28,GntR,PfkB,GH39,GH67,3.A.1,3.A.1,3.A.1,GH10,GH52,CE4,3.A.1,3.A.1,SBP_bac_1,HTH_AraC+HTH_AraC,8.A.59	hemicellulose	2015
